rew,area_sqcm,area_sqkm,climate_group,elev_drop,elevation,flow_accum,gradient,group,interception_factor,length,next_stream,out_dist,parameter_group,prev_str01,prev_str02,shreve,strahler,upstream_area
1,49819160000,4.981916,1,26998.6938,921,10876.09109,0.110864,"(1, 1.0)",0.4,243529.9035,33,12349759.8,1,0,0,1,1,49819160000
2,55191270000,5.519127,2,14658.3191,897,7363.537299,0.094884,"(2, 2.0)",0.1,154485.9253,18,7731642.762,2,0,0,1,1,55191270000
3,1.47332E+11,14.733232,3,32302.2125,623,20477.63714,0.070057,"(2, 3.0)",0.1,461084.6033,123,11064762.88,2,0,0,1,1,1.47332E+11
4,35855860000,3.585586,4,15708.3252,981,9220.997272,0.14889,"(1, 4.0)",0.4,105503.0862,33,12211732.98,1,0,0,1,1,35855860000
5,1.23977E+11,12.397654,5,24157.7362,646,11317.25261,0.037272,"(1, 5.0)",0.4,648149.6799,68,13777913.11,1,0,0,1,1,1.23977E+11
6,41409130000,4.140913,6,24925.4333,973,4111.251459,0.156813,"(1, 6.0)",0.4,158950.5026,80,9780061.173,1,0,0,1,1,41409130000
7,33110580000,3.311058,7,6737.7075,935,3612.831603,0.104676,"(2, 7.0)",0.1,64367.1017,18,7641523.939,2,0,0,1,1,33110580000
8,86392690000,8.639269,8,7275.415,801,12470.6854,0.038183,"(2, 8.0)",0.1,190538.4275,23,7696248.572,2,0,0,1,1,86392690000
9,70102180000,7.010218,9,13064.8682,790,14655.32671,0.046658,"(1, 9.0)",0.4,280011.1369,46,14084177.93,1,0,0,1,1,70102180000
10,1.32373E+11,13.237264,10,18778.1952,672,18988.19711,0.032174,"(1, 10.0)",0.4,583636.0843,70,13752639.84,1,0,0,1,1,1.32373E+11
11,1.08E+11,10.799958,11,12397.3328,744,15317.92194,0.025949,"(2, 11.0)",0.1,477755.9341,44,14611351.48,2,0,0,1,1,1.08E+11
13,1.28373E+11,12.837317,13,8429.8523,639,23391.55972,0.018998,"(2, 13.0)",0.1,443713.6144,32,10434311.88,2,0,0,1,1,1.28373E+11
14,27578210000,2.757821,14,10443.3777,846,40104.8698,0.167954,"(2, 14.0)",0.1,62179.8807,42,7323537.907,2,0,0,1,1,27578210000
15,49833090000,4.983309,15,3804.8035,944,7181.962524,0.080085,"(1, 15.0)",0.4,47509.3499,23,7553219.494,1,0,0,1,1,49833090000
16,75035320000,7.503532,16,20858.1604,668,9831.116316,0.051804,"(2, 16.0)",0.1,402635.8648,116,12466062.83,2,0,0,1,1,75035320000
18,33730710000,3.373071,18,6299.3958,688,20079.03626,0.031256,"(2, 18.0)",0.1,201542.1496,35,7577156.837,2,7,2,2,2,1.22033E+11
19,47199300000,4.71993,19,4434.5947,820,4637.366746,0.057172,"(2, 19.0)",0.1,77566.4889,32,10068164.76,2,0,0,1,1,47199300000
20,92071380000,9.207138,20,15757.8674,598,11193.36827,0.032084,"(1, 20.0)",0.4,491138.4584,84,13305012.89,1,0,0,1,1,92071380000
21,1.25119E+11,12.511925,21,38225.5783,556,17844.29894,0.068421,"(1, 21.0)",0.4,558678.3779,282,9553621.949,1,0,0,1,1,1.25119E+11
22,1.2351E+11,12.350971,22,17466.0187,737,17787.96765,0.034839,"(2, 22.0)",0.1,501330.7559,112,6555069.536,2,0,0,1,1,1.2351E+11
23,15036330000,1.503633,23,4655.1514,676,21585.48302,0.035783,"(2, 23.0)",0.1,130095.4568,35,7505710.144,2,15,8,2,2,1.51262E+11
24,80261100000,8.02611,24,16672.6379,570,6649.772208,0.038583,"(1, 24.0)",0.4,432127.6425,102,12869023.1,1,0,0,1,1,80261100000
25,1.18883E+11,11.888315,25,10692.9688,591,16545.27348,0.019195,"(2, 25.0)",0.1,557063.0861,58,14300510.77,2,0,0,1,1,1.18883E+11
26,1.32261E+11,13.226116,26,15258.9783,599,18805.24527,0.036848,"(2, 26.0)",0.1,414106.3172,98,11276878.15,2,0,0,1,1,1.32261E+11
27,45199560000,4.519956,27,13997.113,837,18308.3449,0.137887,"(1, 27.0)",0.4,101511.8069,88,7058906.342,1,0,0,1,1,45199560000
28,63566460000,6.356646,28,15852.9388,723,9238.573199,0.102918,"(2, 28.0)",0.1,154035.1453,117,7040874.226,2,0,0,1,1,63566460000
29,79912720000,7.991272,29,14196.402,646,11433.02796,0.028735,"(2, 29.0)",0.1,494053.4848,101,13005942.29,2,0,0,1,1,79912720000
30,1.16061E+11,11.606122,30,44660.849,553,16620.56435,0.082812,"(2, 30.0)",0.1,539303.7743,393,5269874.406,2,0,0,1,1,1.16061E+11
31,37402690000,3.740269,31,4381.488,584,5458.438125,0.035155,"(2, 31.0)",0.1,124632.0957,46,13928798.89,2,0,0,1,1,37402690000
32,69300890000,6.930089,32,10896.0022,667,38339.61526,0.029489,"(1, 32.0)",0.4,369487.5992,80,9990598.269,1,19,13,2,2,2.44873E+11
33,82630130000,8.263013,33,16322.9858,616,20115.8721,0.035249,"(1, 33.0)",0.4,463076.4899,162,12106229.9,1,1,4,2,2,1.68305E+11
34,72533910000,7.253391,34,9559.5001,636,10469.17713,0.026378,"(2, 34.0)",0.1,362399.5638,69,13452379.35,2,0,0,1,1,72533910000
35,9016220000,0.901622,35,1970.7886,601,25818.79781,0.017249,"(2, 35.0)",0.1,114256.6612,42,7375614.688,2,23,18,4,3,2.82311E+11
36,49338390000,4.933839,36,17011.8347,719,8111.503622,0.146578,"(1, 36.0)",0.4,116060.2504,169,7711022.855,1,0,0,1,1,49338390000
37,61113820000,6.111382,37,20386.145,635,7912.578148,0.161913,"(2, 37.0)",0.1,125907.905,198,6739819.662,2,0,0,1,1,61113820000
38,30218980000,3.021898,38,2123.7183,648,4174.286878,0.033662,"(1, 38.0)",0.4,63089.4159,44,14196684.97,1,0,0,1,1,30218980000
39,29668530000,2.966853,39,2259.0576,639,3813.617229,0.025634,"(2, 39.0)",0.1,88127.4061,45,14136241.53,2,0,0,1,1,29668530000
40,33612250000,3.361225,40,5013.6475,614,4711.179106,0.036498,"(2, 40.0)",0.1,137368.0366,58,13880815.72,2,0,0,1,1,33612250000
41,50885220000,5.088522,41,3843.811,727,2794.816703,0.050991,"(1, 41.0)",0.4,75381.6136,50,12760949.68,1,0,0,1,1,50885220000
42,60159250000,6.015925,42,9544.165,584,34647.23861,0.031399,"(2, 42.0)",0.1,303963.4917,88,7261358.026,2,35,14,5,3,3.70048E+11
43,68590180000,6.859018,43,9149.4568,677,23299.2966,0.044006,"(2, 43.0)",0.1,207915.515,98,11070687.35,2,0,0,1,1,68590180000
44,15078130000,1.507813,44,200.531,579,24654.64319,0.002346,"(1, 44.0)",0.4,85481.4301,45,14133595.55,1,38,11,2,2,1.53297E+11
45,62751240000,6.275124,45,2871.4905,531,19735.30752,0.008539,"(1, 45.0)",0.4,336273.5926,56,14048114.12,1,39,44,3,2,2.45716E+11
46,36030050000,3.603005,46,4583.67,563,5726.390639,0.010938,"(2, 46.0)",0.1,419043.7748,63,13804166.8,2,9,31,2,2,1.43535E+11
47,43422800000,4.34228,47,2274.8169,613,9359.978537,0.036321,"(2, 47.0)",0.1,62631.1299,50,12748199.2,2,0,0,1,1,43422800000
48,33856120000,3.385612,48,2402.6306,630,17455.52855,0.026339,"(1, 48.0)",0.4,91220.8784,56,13803061.41,1,0,0,1,1,33856120000
49,1.01819E+11,10.181921,49,14222.702,578,14084.73269,0.038556,"(2, 49.0)",0.1,368880.4223,180,10672146.97,2,0,0,1,1,1.01819E+11
50,31438330000,3.143833,50,6798.7427,529,52907.61073,0.018314,"(2, 50.0)",0.1,371230.1387,111,12685568.07,2,47,41,2,2,1.25746E+11
51,54327270000,5.432727,51,8911.0382,666,13508.56636,0.076779,"(2, 51.0)",0.1,116060.2504,129,10638732,2,0,0,1,1,54327270000
52,43708470000,4.370847,52,7202.1149,651,3969.694962,0.080481,"(2, 52.0)",0.1,89488.1905,112,6143226.97,2,0,0,1,1,43708470000
53,48119040000,4.811904,53,8720.3552,754,3717.539631,0.063268,"(2, 53.0)",0.1,137831.483,126,10664397.81,2,0,0,1,1,48119040000
54,40064360000,4.006436,54,6625.8728,551,674.218996,0.032844,"(2, 54.0)",0.1,201739.3604,105,12639984.4,2,0,0,1,1,40064360000
55,1.12891E+11,11.289091,55,6993.335,520,14310.35358,0.013948,"(1, 55.0)",0.4,501384.2996,115,12784159.64,1,0,0,1,1,1.12891E+11
56,1.19029E+11,11.902947,56,2993.8202,549,55106.39621,0.005515,"(1, 56.0)",0.4,542836.7675,70,13711840.53,1,48,45,4,2,3.98602E+11
58,96258980000,9.625898,58,1444.1681,507,43436.91824,0.00403,"(2, 58.0)",0.1,358324.6655,63,13743447.69,2,40,25,2,2,2.48754E+11
59,48495290000,4.849529,59,8062.1735,718,6811.412628,0.070676,"(2, 59.0)",0.1,114071.6477,129,10636743.4,2,0,0,1,1,48495290000
61,26581830000,2.658183,61,4325.3326,696,2388.145277,0.066926,"(2, 61.0)",0.1,64628.646,89,11827755.65,2,0,0,1,1,26581830000
63,1.16918E+11,11.691825,63,751.6479,502,88523.65096,0.002943,"(2, 63.0)",0.1,255359.5931,68,13385123.02,2,46,58,4,3,5.09208E+11
64,1.0092E+11,10.092038,64,7365.6158,490,10468.48932,0.016431,"(1, 64.0)",0.4,448269.7859,157,12233619.74,1,0,0,1,1,1.0092E+11
66,76568220000,7.656822,66,30841.0095,505,10952.25502,0.088251,"(2, 66.0)",0.1,349471.1034,344,5502518.464,2,0,0,1,1,76568220000
67,47631300000,4.76313,67,2468.4967,573,4685.770145,0.019369,"(2, 67.0)",0.1,127449.0116,85,12909448.22,2,0,0,1,1,47631300000
68,1442320000,0.144232,68,641.0095,486,90397.59722,0.016112,"(2, 68.0)",0.1,39783.6445,69,13129763.43,2,5,63,5,3,6.34626E+11
69,60793310000,6.079331,69,1677.0813,549,109591.5453,0.005445,"(2, 69.0)",0.1,307980.5729,85,13089979.78,2,34,68,6,3,7.67954E+11
70,68771340000,6.877134,70,1576.7792,476,85401.33625,0.00444,"(1, 70.0)",0.4,355129.3296,84,13169003.76,1,10,56,5,2,5.99746E+11
71,55846230000,5.584623,71,2169.8608,506,7934.065035,0.01852,"(2, 71.0)",0.1,117165.589,89,11880292.59,2,0,0,1,1,55846230000
72,84379020000,8.437902,72,28815.5334,468,282946.6979,0.06042,"(1, 72.0)",0.4,476918.7076,334,7958483.457,1,0,0,1,1,84379020000
73,79090530000,7.909053,73,2936.4594,501,11899.71863,0.011353,"(1, 73.0)",0.4,258642.301,106,12656851.01,1,0,0,1,1,79090530000
75,89723260000,8.972326,75,14777.6428,487,12950.84519,0.048108,"(2, 75.0)",0.1,307174.36,214,6087079.565,2,0,0,1,1,89723260000
76,28950850000,2.895085,76,1621.8964,571,3433.184887,0.022159,"(2, 76.0)",0.1,73194.8618,90,12713444.09,2,0,0,1,1,28950850000
77,68018830000,6.801883,77,4360.5713,598,14922.9412,0.01897,"(1, 77.0)",0.4,229864.7242,122,12141688.88,1,0,0,1,1,68018830000
78,56807780000,5.680778,78,7475.2625,827,4869.071451,0.095811,"(1, 78.0)",0.4,78021.022,169,7672983.626,1,0,0,1,1,56807780000
79,67210570000,6.721057,79,10439.3646,565,9606.032606,0.023102,"(1, 79.0)",0.4,451885.4087,194,11636433.99,1,0,0,1,1,67210570000
80,1.08313E+11,10.831312,80,23351.3947,424,56502.2189,0.033191,"(1, 80.0)",0.4,703541.0687,283,9621110.67,1,6,32,3,2,3.94596E+11
81,1.01331E+11,10.133147,81,19191.0675,635,14941.29215,0.088757,"(2, 81.0)",0.1,216219.7173,247,2775315.613,2,0,0,1,1,1.01331E+11
82,29870590000,2.987059,82,3668.3014,600,3099.322081,0.044729,"(1, 82.0)",0.4,82010.8939,127,12098779.81,1,0,0,1,1,29870590000
83,73572100000,7.35721,83,4928.653,554,10218.95871,0.018534,"(1, 83.0)",0.4,265918.6338,158,12050483.01,1,0,0,1,1,73572100000
84,66221160000,6.622116,84,1406.6833,460,113142.4776,0.003731,"(1, 84.0)",0.4,376978.9695,102,12813874.43,1,20,70,6,2,7.58039E+11
85,21732300000,2.17323,85,263.8153,496,101423.6181,0.001861,"(2, 85.0)",0.1,141749.9845,90,12781999.21,2,69,67,7,3,8.37317E+11
87,54989200000,5.49892,87,2758.0505,533,99122.42712,0.032193,"(2, 87.0)",0.1,85672.5422,120,11982313.41,2,0,0,1,1,54989200000
88,4431470000,0.443147,88,1859.8663,510,67214.63766,0.02636,"(2, 88.0)",0.1,70555.4535,117,6957394.535,2,27,42,6,3,4.19679E+11
89,15161750000,1.516175,89,3369.9341,485,9954.369059,0.022258,"(2, 89.0)",0.1,151402.3047,133,11763127,2,71,61,2,2,97589810000
90,29842720000,2.984272,90,734.787,505,127598.0594,0.005724,"(2, 90.0)",0.1,128360.4233,101,12640249.23,2,76,85,8,3,8.96111E+11
97,26379770000,2.637977,97,6753.5645,700,3710.66542,0.11466,"(2, 97.0)",0.1,58900.9259,181,10228987.46,2,0,0,1,1,26379770000
98,59406730000,5.940673,98,2666.1469,679,36946.04307,0.01029,"(2, 98.0)",0.1,259093.5501,123,10862771.83,2,26,43,2,2,2.60258E+11
99,42398540000,4.239854,99,2561.9049,504,6026.932115,0.014906,"(1, 99.0)",0.4,171869.1114,122,12083693.27,1,0,0,1,1,42398540000
100,59190740000,5.919074,100,3099.8077,654,8301.619277,0.037212,"(1, 100.0)",0.4,83301.246,152,11507308.65,1,0,0,1,1,59190740000
101,2327220000,0.232722,101,290.3046,452,144542.4584,0.003942,"(2, 101.0)",0.1,73643.7654,105,12511888.8,2,29,90,9,3,9.78351E+11
102,1358700000,0.13587,102,265.448,450,84531.14968,0.006861,"(1, 102.0)",0.4,38686.7501,106,12436895.46,1,24,84,7,2,8.39658E+11
103,28902080000,2.890208,103,5372.7509,607,2264.287012,0.102289,"(1, 103.0)",0.4,52525.2149,170,11381792.82,1,0,0,1,1,28902080000
105,22575400000,2.25754,105,159.5642,477,105803.6109,0.001288,"(2, 105.0)",0.1,123907.105,111,12438245.04,2,101,54,10,3,1.04099E+12
106,7413650000,0.741365,106,652.7618,471,133140.1518,0.005655,"(1, 106.0)",0.4,115433.3702,115,12398208.71,1,73,102,8,2,9.26163E+11
111,51853730000,5.185373,111,748.8159,462,180064.2645,0.002984,"(2, 111.0)",0.1,250910.966,116,12314337.93,2,50,105,12,3,1.21859E+12
112,49282640000,4.928264,112,11576.8311,391,35924.36951,0.042277,"(2, 112.0)",0.1,273833.5749,214,6053738.78,2,52,22,2,2,2.16501E+11
113,94510080000,9.451008,113,6554.425,439,13592.45309,0.017647,"(1, 113.0)",0.4,371418.9053,189,11766978.82,1,0,0,1,1,94510080000
115,44865110000,4.486511,115,1283.6853,510,154720.9071,0.004826,"(1, 115.0)",0.4,266006.4236,127,12282775.34,1,55,106,9,2,1.08392E+12
116,35472630000,3.547263,116,606.5002,503,110017.0932,0.003636,"(2, 116.0)",0.1,166786.0982,120,12063426.97,2,111,16,13,3,1.3291E+12
117,47624330000,4.762433,117,7555.368,408,82395.45626,0.027683,"(2, 117.0)",0.1,272927.3236,198,6886839.081,2,88,28,7,3,5.3087E+11
118,33821290000,3.382129,118,2459.8114,572,4743.945055,0.031603,"(2, 118.0)",0.1,77835.5393,161,10476336.76,2,0,0,1,1,33821290000
119,30588270000,3.058827,119,4784.6558,562,4839.097823,0.04903,"(2, 119.0)",0.1,97585.3304,185,10390575.49,2,0,0,1,1,30588270000
120,30741560000,3.074156,120,906.9397,424,210627.4752,0.003183,"(2, 120.0)",0.1,284916.1735,133,11896640.87,2,116,87,14,3,1.41483E+12
122,13531300000,1.35313,122,1590.976,485,17773.14225,0.012502,"(1, 122.0)",0.4,127259.7759,158,11911824.15,1,99,77,2,2,1.23949E+11
123,4097020000,0.409702,123,311.0992,506,63100.41912,0.004034,"(2, 123.0)",0.1,77111.9559,126,10603678.28,2,3,98,3,2,4.11687E+11
125,32086330000,3.208633,125,4076.8982,461,2099.766838,0.029777,"(1, 125.0)",0.4,136915.8492,183,11657290.06,1,0,0,1,1,32086330000
126,36253020000,3.625302,126,3692.9291,490,74769.04413,0.016538,"(2, 126.0)",0.1,223299.7776,180,10526566.32,2,53,123,4,2,4.96059E+11
127,28149570000,2.814957,127,1028.0792,445,171152.6157,0.004443,"(1, 127.0)",0.4,231418.9663,157,12016768.92,1,115,82,10,2,1.14194E+12
128,51554120000,5.155412,128,12736.496,450,7319.121395,0.068444,"(1, 128.0)",0.4,186085.5783,235,7559558.093,1,0,0,1,1,51554120000
129,10061380000,1.006138,129,1462.1429,487,14144.04129,0.011775,"(2, 129.0)",0.1,124170.5258,161,10522671.75,2,59,51,2,2,1.12884E+11
132,28177440000,2.817744,132,8757.9681,609,2446.651378,0.154433,"(1, 132.0)",0.4,56710.421,211,10685733.74,1,0,0,1,1,28177440000
133,38120370000,3.812037,133,162.1094,500,221167.5344,0.000864,"(2, 133.0)",0.1,187717.2895,152,11611724.69,2,120,89,16,3,1.55054E+12
152,80414390000,8.041439,152,5605.5511,410,205064.7868,0.011519,"(1, 152.0)",0.4,486645.2131,196,11424007.41,1,133,100,17,3,1.69014E+12
157,13357110000,1.335711,157,706.6956,492,197056.4017,0.00497,"(1, 157.0)",0.4,142196.5424,162,11785349.95,1,64,127,11,2,1.25622E+12
158,31048140000,3.104814,158,2591.9373,408,36774.50801,0.009811,"(1, 158.0)",0.4,264190.168,183,11784564.38,1,83,122,3,2,2.28569E+11
161,8556350000,0.855635,161,2378.009,458,22843.21745,0.022538,"(2, 161.0)",0.1,105511.0614,185,10398501.22,2,118,129,3,2,1.55262E+11
162,32762190000,3.276219,162,1427.24,434,209468.4699,0.004547,"(1, 162.0)",0.4,313885.8006,170,11643153.41,1,157,33,13,3,1.45728E+12
163,69684110000,6.968411,163,22118.8324,651,13263.46273,0.132624,"(2, 163.0)",0.1,166778.5922,337,1392931.463,2,0,0,1,1,69684110000
164,41806290000,4.180629,164,7708.0566,568,6020.402345,0.077257,"(1, 164.0)",0.4,99772.0822,218,10621740.42,1,0,0,1,1,41806290000
166,36552630000,3.655263,166,2568.5699,421,3579.580512,0.016076,"(1, 166.0)",0.4,159775.5319,191,11207484.8,1,0,0,1,1,36552630000
169,31647360000,3.164736,169,9715.686,474,19864.14688,0.043865,"(1, 169.0)",0.4,221490.0897,235,7594962.604,1,78,36,2,2,1.37794E+11
170,51059410000,5.105941,170,2967.1112,464,374202.8363,0.007571,"(1, 170.0)",0.4,391905.4152,196,11329267.61,1,162,103,14,3,1.53725E+12
171,45722140000,4.572214,171,1954.6082,449,5372.122949,0.01123,"(1, 171.0)",0.4,174055.8632,191,11221765.13,1,0,0,1,1,45722140000
178,1.17706E+11,11.77056,178,26092.2409,454,80192.16668,0.050602,"(2, 178.0)",0.1,515635.0126,412,5013704.326,2,0,0,1,1,1.17706E+11
179,45499180000,4.549918,179,11546.4874,751,5946.322273,0.115722,"(2, 179.0)",0.1,99777.7117,247,2658873.607,2,0,0,1,1,45499180000
180,20317860000,2.031786,180,2.298,506,88168.15058,1.70E-05,"(2, 180.0)",0.1,133180.0157,181,10303266.55,2,49,126,5,2,6.18197E+11
181,8995320000,0.899532,181,2330.0079,425,112514.0755,0.025492,"(2, 181.0)",0.1,91402.1389,193,10170086.53,2,180,97,6,2,6.53572E+11
182,54090370000,5.409037,182,17338.7924,477,5036.378291,0.067301,"(1, 182.0)",0.4,257631.32,309,8456365.257,1,0,0,1,1,54090370000
183,5992230000,0.599223,183,1165.9851,417,37912.589,0.009342,"(1, 183.0)",0.4,124814.2945,189,11520374.21,1,125,158,4,2,2.66647E+11
184,25836290000,2.583629,184,7686.3861,620,2987.031876,0.164926,"(1, 184.0)",0.4,46604.9751,226,10313399.2,1,0,0,1,1,25836290000
185,41221000000,4.1221,185,2074.7711,432,42159.99837,0.009681,"(2, 185.0)",0.1,214305.7689,193,10292990.16,2,161,119,4,2,2.27071E+11
188,60521570000,6.052157,188,24677.2964,439,3068.097341,0.084109,"(1, 188.0)",0.4,293396.4759,400,5629083.743,1,0,0,1,1,60521570000
189,15022390000,1.502239,189,1034.5276,454,52468.51831,0.004903,"(1, 189.0)",0.4,211011.3328,194,11395559.92,1,113,183,5,2,3.7618E+11
190,39541780000,3.954178,190,15300.3571,469,15272.79077,0.135972,"(2, 190.0)",0.1,112525.8498,293,2578863.983,2,0,0,1,1,39541780000
191,6020110000,0.602011,191,1899.4354,423,9783.818402,0.02014,"(1, 191.0)",0.4,94310.5976,202,11047709.27,1,171,166,2,2,88294880000
192,49679800000,4.96798,192,3900.2441,391,4090.558632,0.017866,"(1, 192.0)",0.4,218306.8998,212,10381407.73,1,0,0,1,1,49679800000
193,1.02328E+11,10.232786,193,11105.1117,323,81643.71074,0.025479,"(2, 193.0)",0.1,435852.6861,264,10078684.39,2,185,181,10,3,9.8297E+11
194,28560660000,2.856066,194,1046.6461,452,66088.97055,0.004528,"(1, 194.0)",0.4,231149.916,202,11184548.58,1,79,189,6,2,4.71951E+11
196,42670280000,4.267028,196,2929.0222,507,434402.78,0.009499,"(1, 196.0)",0.4,308338.8718,211,10937362.19,1,170,152,31,4,3.27006E+12
197,1.04474E+11,10.447391,197,11345.2744,486,13055.53232,0.035312,"(1, 197.0)",0.4,321283.2825,270,9710949.654,1,0,0,1,1,1.04474E+11
198,87312430000,8.731243,198,5884.0088,449,98959.58339,0.014024,"(1, 198.0)",0.4,419568.74,234,6613911.757,1,37,117,8,3,6.79296E+11
199,27829050000,2.782905,199,3811.6913,471,43952.78752,0.042907,"(1, 199.0)",0.4,88835.5084,219,10588229.63,1,0,0,1,1,27829050000
201,42767830000,4.276783,201,4969.8364,473,14644.58564,0.02532,"(1, 201.0)",0.4,196280.2215,227,10273901.97,1,0,0,1,1,42767830000
202,1.06606E+11,10.660603,202,3310.7391,407,82739.18855,0.007292,"(1, 202.0)",0.4,454004.543,219,10953398.67,1,191,194,8,3,6.66852E+11
203,1.20507E+11,12.050662,203,19928.1586,341,8886.370247,0.053758,"(2, 203.0)",0.1,370698.6057,355,5300440.56,2,0,0,1,1,1.20507E+11
205,30358330000,3.035833,205,5053.9246,427,2864.243981,0.083351,"(1, 205.0)",0.4,60634.552,234,6254977.569,1,0,0,1,1,30358330000
207,1.12097E+11,11.209659,207,8484.2987,410,17763.17322,0.012013,"(1, 207.0)",0.4,706272.0712,263,8105009.862,1,0,0,1,1,1.12097E+11
208,31271100000,3.12711,208,707.2845,391,4281.043027,0.017385,"(1, 208.0)",0.4,40684.7354,212,10203785.56,1,0,0,1,1,31271100000
209,44976600000,4.49766,209,7483.1024,556,4136.456919,0.151377,"(2, 209.0)",0.1,49433.6191,261,5941614.388,2,0,0,1,1,44976600000
210,62611880000,6.261188,210,13628.7857,333,8696.968454,0.044461,"(1, 210.0)",0.4,306532.937,324,8166801.838,1,0,0,1,1,62611880000
211,5379080000,0.537908,211,1205.484,405,471138.491,0.01126,"(1, 211.0)",0.4,107054.9827,218,10629023.32,1,132,196,32,4,3.30362E+12
212,4556890000,0.455689,212,2036.6058,325,35547.93787,0.019676,"(1, 212.0)",0.4,103504.6318,228,10163100.83,1,192,208,2,2,85507790000
214,34608640000,3.460864,214,11830.2261,314,59402.59947,0.041854,"(2, 214.0)",0.1,282652.4217,317,5779905.205,2,75,112,3,2,3.40833E+11
215,92740280000,9.274028,215,17361.4609,399,5449.683158,0.029707,"(1, 215.0)",0.4,584422.5939,375,6553349.983,1,0,0,1,1,92740280000
216,1.00224E+11,10.022361,216,7021.5942,379,27008.29633,0.01515,"(1, 216.0)",0.4,463464.3437,263,7862202.135,1,0,0,1,1,1.00224E+11
217,75118930000,7.511893,217,14110.8765,582,10407.88631,0.101113,"(2, 217.0)",0.1,139556.1958,337,1365709.066,2,0,0,1,1,75118930000
218,25257970000,2.525797,218,1349.3927,413,482022.0206,0.005288,"(1, 218.0)",0.4,255174.1104,226,10521968.34,1,164,211,33,4,3.37068E+12
219,62883620000,6.288362,219,1235.9406,495,54916.34863,0.00293,"(1, 219.0)",0.4,421772.3803,227,10499394.12,1,202,199,9,3,7.57565E+11
220,68645920000,6.864592,220,6601.4679,401,11440.69662,0.024407,"(1, 220.0)",0.4,270475.7435,262,6970863.91,1,0,0,1,1,68645920000
223,76345250000,7.634525,223,5810.7971,341,10959.13684,0.023397,"(1, 223.0)",0.4,248353.718,262,6948741.885,1,0,0,1,1,76345250000
226,1.2707E+11,12.707021,226,5532.6508,362,572608.4662,0.008867,"(1, 226.0)",0.4,623962.5207,264,10266794.23,1,218,184,34,4,3.52359E+12
227,236900000,0.02369,227,0.3113,310,94223.60723,1.70E-05,"(1, 227.0)",0.4,18025.5474,228,10077621.74,1,201,219,10,3,8.00569E+11
228,1.93486E+11,19.348647,228,8307.7957,403,184900.1627,0.005733,"(1, 228.0)",0.4,1449011.72,291,10059596.2,1,212,227,12,3,1.07956E+12
229,1.56725E+11,15.67248,229,12965.1138,281,19174.51021,0.024487,"(1, 229.0)",0.4,529470.6626,343,7779805.212,1,0,0,1,1,1.56725E+11
230,51505350000,5.150535,230,3768.3746,378,7988.669934,0.018479,"(1, 230.0)",0.4,203930.3343,257,6804744.568,1,0,0,1,1,51505350000
232,50808570000,5.080857,232,23580.2757,382,3550.517107,0.09808,"(2, 232.0)",0.1,240418.1354,518,1288146.331,2,0,0,1,1,50808570000
233,1.31641E+11,13.164103,233,13695.2179,290,14537.85316,0.025946,"(1, 233.0)",0.4,527836.1366,351,7218395.414,1,0,0,1,1,1.31641E+11
234,58793580000,5.879358,234,3954.6326,328,112855.1044,0.013088,"(1, 234.0)",0.4,302162.2481,261,6194343.017,1,205,198,9,3,7.68448E+11
235,37925270000,3.792527,235,4508.6807,527,27790.38773,0.028254,"(1, 235.0)",0.4,159574.5681,265,7373472.515,1,128,169,3,2,2.27273E+11
236,43889630000,4.388963,236,3331.6895,384,6257.668752,0.026088,"(1, 236.0)",0.4,127711.4942,257,6728525.728,1,0,0,1,1,43889630000
237,36023080000,3.602308,237,9037.4847,440,5917.153597,0.08342,"(1, 237.0)",0.4,108336.8906,320,4998494.287,1,0,0,1,1,36023080000
238,93799370000,9.379937,238,15588.5971,257,6783.419416,0.044689,"(1, 238.0)",0.4,348824.9891,399,5760986.073,1,0,0,1,1,93799370000
239,72338810000,7.233881,239,6594.2932,343,10281.69618,0.017329,"(1, 239.0)",0.4,380533.5426,288,7427865.171,1,0,0,1,1,72338810000
242,27048670000,2.704867,242,3428.2822,375,7762.119624,0.063399,"(1, 242.0)",0.4,54074.7657,265,7267972.712,1,0,0,1,1,27048670000
243,54299400000,5.42994,243,8881.1798,550,10979.88527,0.115449,"(2, 243.0)",0.1,76927.4115,328,2408989.104,2,0,0,1,1,54299400000
246,64716130000,6.471613,246,19748.4894,347,9072.622344,0.070982,"(2, 246.0)",0.1,278217.3992,510,548332.4982,2,0,0,1,1,64716130000
247,18987020000,1.898702,247,5318.5608,527,13627.19172,0.057338,"(2, 247.0)",0.1,92757.7629,293,2559095.896,2,179,81,2,2,1.65818E+11
248,31326840000,3.132684,248,7016.1377,413,4101.285963,0.125717,"(1, 248.0)",0.4,55808.861,320,4945966.258,1,0,0,1,1,31326840000
253,56926230000,5.692623,253,5056.5002,306,7576.804144,0.019481,"(1, 253.0)",0.4,259554.1818,295,7206467.614,1,0,0,1,1,56926230000
254,39472100000,3.94721,254,3868.5516,368,5174.203497,0.028105,"(1, 254.0)",0.4,137645.5312,285,4789105.283,1,0,0,1,1,39472100000
256,38649910000,3.864991,256,6238.7695,429,5551.014858,0.034786,"(1, 256.0)",0.4,179347.3463,318,4616321.476,1,0,0,1,1,38649910000
257,93039890000,9.303989,257,11200.8362,374,327958.1246,0.023263,"(1, 257.0)",0.4,481496.4589,356,6600814.234,1,236,230,2,2,1.88435E+11
258,50104840000,5.010484,258,3142.569,345,7003.121697,0.018216,"(1, 258.0)",0.4,172517.5714,285,4823977.323,1,0,0,1,1,50104840000
259,42872350000,4.287235,259,13048.7488,377,7116.927982,0.07258,"(2, 259.0)",0.1,179784.5217,403,3002703.373,2,0,0,1,1,42872350000
260,46620980000,4.662098,260,19318.7614,299,6721.291574,0.091555,"(2, 260.0)",0.1,211006.1725,517,1422691.353,2,0,0,1,1,46620980000
261,1.19573E+11,11.957295,261,5379.6188,303,132771.2887,0.013622,"(1, 261.0)",0.4,394927.9861,317,5892180.769,1,234,209,10,3,9.32998E+11
262,36197280000,3.619728,262,9209.2682,291,582407.8475,0.027883,"(1, 262.0)",0.4,330282.4516,353,6700388.167,1,223,220,2,2,1.81188E+11
263,24177970000,2.417797,263,2259.0668,298,34547.79964,0.009252,"(1, 263.0)",0.4,244167.1045,284,7398737.791,1,216,207,2,2,2.36498E+11
264,30316530000,3.031653,264,581.4346,258,550227.3494,0.002297,"(1, 264.0)",0.4,253165.3353,270,9642831.706,1,226,193,44,4,4.53687E+12
265,57030740000,5.703074,265,8805.9875,241,36480.10141,0.026167,"(1, 265.0)",0.4,336533.7296,350,7213897.947,1,242,235,4,2,3.11352E+11
266,78024470000,7.802447,266,8403.6621,359,15186.28373,0.029463,"(1, 266.0)",0.4,285230.7803,347,3308462.467,1,0,0,1,1,78024470000
267,65510450000,6.551045,267,2005.3665,319,37141.26412,0.013497,"(1, 267.0)",0.4,148575.5372,284,7303146.224,1,0,0,1,1,65510450000
270,69084890000,6.908489,270,1380.8807,383,666158.3514,0.003498,"(1, 270.0)",0.4,394722.8002,282,9389666.371,1,264,197,45,4,4.71043E+12
275,50780700000,5.07807,275,13760.2409,293,19145.46187,0.065233,"(1, 275.0)",0.4,210940.9006,447,4303526.002,1,0,0,1,1,50780700000
277,94321950000,9.432195,277,7489.2059,300,17471.01244,0.018342,"(1, 277.0)",0.4,408306.7574,346,3536595.911,1,0,0,1,1,94321950000
278,88315780000,8.831578,278,4941.452,280,12701.36717,0.019119,"(1, 278.0)",0.4,258453.0653,329,4606039.93,1,0,0,1,1,88315780000
279,41060740000,4.106074,279,9187.3444,362,16568.06418,0.06955,"(1, 279.0)",0.4,132097.6642,386,3969783.335,1,0,0,1,1,41060740000
280,55309720000,5.530972,280,3410.6155,302,7140.895964,0.022719,"(1, 280.0)",0.4,150121.3351,319,3625702.815,1,0,0,1,1,55309720000
281,39395460000,3.939546,281,4472.5677,364,5653.131343,0.032005,"(1, 281.0)",0.4,139744.0241,329,4487330.889,1,0,0,1,1,39395460000
282,7998940000,0.799894,282,19.3954,365,587438.2204,0.000251,"(1, 282.0)",0.4,77373.9694,283,8994943.571,1,270,21,46,4,4.84355E+12
283,22122490000,2.212249,283,853.0045,258,650072.8791,0.002779,"(1, 283.0)",0.4,306985.1244,291,8917569.601,1,80,282,49,4,5.26027E+12
284,5852880000,0.585288,284,620.0775,235,43177.41361,0.005782,"(1, 284.0)",0.4,107239.058,288,7154570.687,1,267,263,3,2,3.07862E+11
285,50738900000,5.07389,285,2536.8591,288,24818.50117,0.011828,"(1, 285.0)",0.4,214485.622,318,4651459.752,1,254,258,2,2,1.40316E+11
287,96656140000,9.665614,287,10799.5766,229,13953.61716,0.041653,"(2, 287.0)",0.1,259274.8107,430,2921377.113,2,0,0,1,1,96656140000
288,21035530000,2.103553,288,426.6266,272,56490.05094,0.004248,"(1, 288.0)",0.4,100418.1965,295,7047331.629,1,239,284,4,2,4.01236E+11
291,70610820000,7.061082,291,1107.1106,229,919935.7709,0.002688,"(1, 291.0)",0.4,411850.5406,309,8610584.477,1,228,283,61,4,6.41044E+12
293,22881970000,2.288197,293,2629.0314,364,32481.93315,0.019579,"(2, 293.0)",0.1,134276.4409,328,2466338.133,2,190,247,3,2,2.28241E+11
294,28700020000,2.870002,294,1739.3539,247,6714.949715,0.028991,"(1, 294.0)",0.4,59995.4746,319,3535576.954,1,0,0,1,1,28700020000
295,1.4288E+11,14.287995,295,5408.0322,246,85055.44798,0.007611,"(1, 295.0)",0.4,710526.7714,348,6946913.432,1,288,253,5,2,6.01042E+11
296,70736240000,7.073624,296,4023.5687,223,8437.843158,0.017757,"(1, 296.0)",0.4,226596.0901,341,3481058.446,1,0,0,1,1,70736240000
299,1.18152E+11,11.815154,299,15774.0322,189,717844.0073,0.04379,"(1, 299.0)",0.4,360223.1328,521,776444.8313,1,0,0,1,1,1.18152E+11
309,51951280000,5.195128,309,1567.2516,252,936970.6848,0.00463,"(1, 309.0)",0.4,338465.0357,324,8198733.936,1,182,291,62,4,6.51649E+12
314,28323760000,2.832376,314,1914.505,307,4027.322261,0.038878,"(1, 314.0)",0.4,49244.3835,333,4359688.889,1,0,0,1,1,28323760000
315,60626080000,6.062608,315,3957.1854,302,8465.61779,0.026216,"(1, 315.0)",0.4,150947.7717,348,6387334.432,1,0,0,1,1,60626080000
316,62165950000,6.216595,316,7968.4433,362,2470.290375,0.033528,"(1, 316.0)",0.4,237662.2693,419,5201464.839,1,0,0,1,1,62165950000
317,37012500000,3.70125,317,3062.9166,278,188474.0668,0.008899,"(2, 317.0)",0.1,344205.4222,344,5497252.783,2,261,214,13,3,1.31084E+12
318,40733260000,4.073326,318,4254.0787,258,53202.11922,0.011697,"(1, 318.0)",0.4,363684.7556,354,4436974.13,1,256,285,3,2,2.19699E+11
319,17224190000,1.722419,319,2534.1492,245,16726.42262,0.011461,"(1, 319.0)",0.4,221119.1244,341,3475581.48,1,294,280,2,2,1.01234E+11
320,3908890000,0.390889,320,6076.9989,243,10311.92681,0.077889,"(2, 320.0)",0.1,78021.4911,388,4890157.397,2,248,237,2,2,71258810000
324,82170260000,8.217026,324,1031.9138,191,801518.601,0.002725,"(1, 324.0)",0.4,378704.1514,334,7860268.901,1,210,309,63,4,6.66127E+12
327,36253020000,3.625302,327,13484.005,294,495317.558,0.117551,"(2, 327.0)",0.1,114707.4412,520,938934.4258,2,0,0,1,1,36253020000
328,88267010000,8.826701,328,11954.953,190,30606.04071,0.020504,"(2, 328.0)",0.1,583064.1552,515,2332061.692,2,243,293,4,2,3.70808E+11
329,1421410000,0.142141,329,453.5629,197,18523.21535,0.012211,"(1, 329.0)",0.4,37142.3597,333,4347586.865,1,281,278,2,2,1.29133E+11
330,48418650000,4.841865,330,10969.7128,309,14619.27242,0.055707,"(2, 330.0)",0.1,196919.768,510,467034.867,2,0,0,1,1,48418650000
333,23369710000,2.336971,333,2616.2064,227,25817.69232,0.011032,"(1, 333.0)",0.4,237155.1308,354,4310444.505,1,314,329,3,2,1.80826E+11
334,15963030000,1.596303,334,1041.5329,194,967848.4007,0.004504,"(1, 334.0)",0.4,231230.1998,343,7481564.749,1,72,324,64,4,6.76161E+12
337,40196750000,4.019675,337,11775.3937,316,16427.59315,0.046313,"(2, 337.0)",0.1,254259.4149,519,1226152.871,2,217,163,2,2,1.85E+11
338,33375350000,3.337535,338,8270.1759,285,35767.30395,0.078045,"(1, 338.0)",0.4,105966.5326,459,2486577.641,1,0,0,1,1,33375350000
339,40795970000,4.079597,339,5363.6658,333,5861.680149,0.042143,"(2, 339.0)",0.1,127271.5041,418,2430892.275,2,0,0,1,1,40795970000
340,1.00872E+11,10.08716,340,7093.9034,208,36999.62782,0.021681,"(1, 340.0)",0.4,327191.7941,455,3861548.36,1,0,0,1,1,1.00872E+11
341,8869900000,0.88699,341,1046.7346,182,26769.83964,0.008296,"(1, 341.0)",0.4,126173.2023,346,3254462.356,1,319,296,3,2,1.8084E+11
342,49387160000,4.938716,342,8007.4478,310,3602.485575,0.051316,"(1, 342.0)",0.4,156041.5748,460,3717256.139,1,0,0,1,1,49387160000
343,33946710000,3.394671,343,1373.2941,263,996734.7751,0.003682,"(1, 343.0)",0.4,372970.3326,350,7250334.55,1,229,334,65,4,6.95228E+12
344,27703630000,2.770363,344,2288.8458,167,201737.4488,0.01025,"(2, 344.0)",0.1,223305.4071,355,5153047.361,2,317,66,14,3,1.41511E+12
346,3748630000,0.374863,346,64.9506,174,30692.56155,0.000618,"(1, 346.0)",0.4,105057.4666,347,3128289.153,1,277,341,4,2,2.78911E+11
347,96837300000,9.68373,347,6339.5042,149,64713.90485,0.011851,"(1, 347.0)",0.4,534926.5177,456,3023231.687,1,346,266,5,2,4.53772E+11
348,39360620000,3.936062,348,1584.4452,246,88644.02344,0.004855,"(1, 348.0)",0.4,326361.6045,384,6236386.661,1,315,295,6,2,7.01029E+11
349,68409020000,6.840902,349,7724.7185,212,281257.9288,0.023235,"(1, 349.0)",0.4,332463.5739,462,3217381.515,1,0,0,1,1,68409020000
350,21014630000,2.101463,350,56.4774,253,1052832.471,0.000302,"(1, 350.0)",0.4,186804.9396,351,6877364.217,1,265,343,69,4,7.28465E+12
351,59114090000,5.911409,351,108.197,267,1081470.461,0.000338,"(1, 351.0)",0.4,320453.562,353,6690559.277,1,233,350,70,4,7.4754E+12
352,49798260000,4.979826,352,3604.6829,282,6950.646631,0.026718,"(2, 352.0)",0.1,134916.9257,418,2438537.697,2,0,0,1,1,49798260000
353,54801070000,5.480107,353,1015.6128,158,901697.8154,0.00405,"(1, 353.0)",0.4,250787.9404,356,6370105.715,1,351,262,72,4,7.71139E+12
354,40963190000,4.096319,354,1504.657,229,54725.09755,0.006386,"(1, 354.0)",0.4,235603.7034,386,4073289.374,1,318,333,6,3,4.41488E+11
355,16903680000,1.690368,355,1009.7015,157,221281.6995,0.008585,"(2, 355.0)",0.1,117606.0483,388,4929741.954,2,203,344,15,3,1.55253E+12
356,17468060000,1.746806,356,87.1964,170,962093.4885,0.00058,"(1, 356.0)",0.4,150390.3855,375,6119317.775,1,257,353,74,4,7.9173E+12
375,14883040000,1.488304,375,5.3421,280,1146479.185,9.10E-05,"(1, 375.0)",0.4,58902.3332,384,5968927.389,1,215,356,75,4,8.02492E+12
384,73558160000,7.355816,384,1555.1315,140,1262271.032,0.003124,"(1, 384.0)",0.4,497863.9727,399,5910025.056,1,348,375,81,4,8.79951E+12
386,35047600000,3.50476,386,3892.086,194,43946.08793,0.012831,"(1, 386.0)",0.4,303329.1056,455,3837685.671,1,279,354,7,3,5.17597E+11
387,41262810000,4.126281,387,1683.4854,254,3317.979772,0.018327,"(2, 387.0)",0.1,91858.5484,403,2914777.4,2,0,0,1,1,41262810000
388,4278180000,0.427818,388,577.3346,164,244685.3349,0.007078,"(2, 388.0)",0.1,81565.2742,393,4812135.906,2,320,355,17,3,1.62806E+12
389,38851980000,3.885198,389,6591.6016,224,2531.514916,0.028941,"(2, 389.0)",0.1,227761.071,514,2001796.129,2,0,0,1,1,38851980000
390,26121960000,2.612196,390,1169.8349,357,978.044873,0.024295,"(1, 390.0)",0.4,48150.773,417,5157434.469,1,0,0,1,1,26121960000
393,41227970000,4.122797,393,668.4464,149,95873.91662,0.002875,"(2, 393.0)",0.1,232501.3178,412,4730570.631,2,30,388,18,3,1.78535E+12
394,27919630000,2.791963,394,4822.9797,314,590.74884,0.094959,"(2, 394.0)",0.1,50790.1813,464,2685355.95,2,0,0,1,1,27919630000
399,9789640000,0.978964,399,212.9974,176,1274144.999,0.002785,"(1, 399.0)",0.4,76473.8167,400,5412161.084,1,384,238,82,4,8.90309E+12
400,22491780000,2.249178,400,436.0153,185,1283284.376,0.001926,"(1, 400.0)",0.4,226403.5705,417,5335687.267,1,399,188,83,4,8.98611E+12
402,28024150000,2.802415,402,1341.23,198,3792.453461,0.023571,"(2, 402.0)",0.1,56902.4715,430,2719004.774,2,0,0,1,1,28024150000
403,5406950000,0.540695,403,4235.498,133,271857.7461,0.033641,"(2, 403.0)",0.1,125903.2137,463,2822918.852,2,387,259,2,2,89542110000
412,67217540000,6.721754,412,2090.1352,119,346163.4453,0.004023,"(2, 412.0)",0.1,519548.3537,448,4498069.314,2,393,178,19,3,1.97027E+12
417,16395030000,1.639503,417,273.4543,197,1288578.819,0.00188,"(1, 417.0)",0.4,145481.1267,419,5109283.696,1,390,400,84,4,9.02863E+12
418,39722940000,3.972294,418,4877.4734,206,12389.94672,0.013625,"(2, 418.0)",0.1,357972.9856,513,2303620.771,2,339,352,2,2,1.30317E+11
419,1.63393E+11,16.339291,419,1713.4819,250,1305657.888,0.001967,"(1, 419.0)",0.4,871217.4679,447,4963802.569,1,316,417,85,4,9.25418E+12
430,27076540000,2.707654,430,1513.4323,211,21451.79645,0.008708,"(2, 430.0)",0.1,173797.1336,456,2662102.302,2,402,287,2,2,1.51757E+11
446,30532530000,3.053253,446,4047.5288,408,3176.726586,0.085663,"(2, 446.0)",0.1,47249.2129,516,1379647.518,2,0,0,1,1,30532530000
447,14604330000,1.460433,447,15.7158,145,1252258.216,0.000138,"(1, 447.0)",0.4,114064.1417,448,4092585.102,1,419,275,86,4,9.31957E+12
448,48767030000,4.876703,448,1117.4026,109,1619093.983,0.002678,"(1, 448.0)",0.4,417306.3956,460,3978520.96,1,412,447,105,4,1.13386E+13
455,3037920000,0.303792,455,1249.3492,137,88766.71989,0.014616,"(1, 455.0)",0.4,85480.9609,461,3534356.565,1,340,386,8,3,6.21506E+11
456,13127170000,1.312717,456,577.1851,152,37979.9634,0.005359,"(2, 456.0)",0.1,107694.0602,459,2488305.169,2,430,347,7,3,6.18656E+11
459,19425990000,1.942599,459,1442.8925,93,537107.7457,0.006235,"(2, 459.0)",0.1,231413.3368,501,2380611.109,2,456,338,8,3,6.71458E+11
460,7762030000,0.776203,460,222.728,112,1702395.436,0.001983,"(1, 460.0)",0.4,112338.9598,461,3561214.564,1,342,448,106,4,1.13958E+13
461,83382640000,8.338264,461,686.7256,104,1584634.041,0.001218,"(1, 461.0)",0.4,563957.6637,462,3448875.605,1,455,460,114,4,1.21006E+13
462,28100790000,2.810079,462,92.2569,170,1742751.781,0.000491,"(2, 462.0)",0.1,187902.3031,463,2884917.941,2,349,461,115,4,1.21972E+13
463,5762300000,0.57623,463,1.0834,110,1491608.003,1.70E-05,"(2, 463.0)",0.1,62449.8694,464,2697015.638,2,462,403,117,4,1.22925E+13
464,94733050000,9.473305,464,369.677,136,1313202.161,0.000762,"(2, 464.0)",0.1,485367.9965,501,2634565.768,2,463,394,118,4,1.24151E+13
501,19690760000,1.969076,501,635.099,85,1595489.073,0.00312,"(2, 501.0)",0.1,203549.9865,513,2149197.772,2,459,464,126,4,1.31063E+13
510,4835590000,0.483559,510,2361.5814,159,15617.49302,0.026854,"(1, 510.0)",0.4,87941.4544,524,270115.099,1,246,330,2,2,1.1797E+11
513,18171800000,1.81718,513,291.4703,128,1894412.24,0.001698,"(2, 513.0)",0.1,171612.7274,514,1945647.785,2,418,501,128,4,1.32548E+13
514,3560500000,0.35605,514,66.7603,155,1899891.417,0.002666,"(2, 514.0)",0.1,25037.5211,515,1774035.058,2,389,513,129,4,1.32972E+13
515,88455140000,8.845514,515,500.9377,121,1875570.521,0.001202,"(2, 515.0)",0.1,416599.2316,516,1748997.537,2,514,328,133,4,1.37564E+13
516,33563480000,3.356348,516,216.6641,341,1978911.112,0.001795,"(2, 516.0)",0.1,120713.1252,517,1332398.305,2,515,446,134,4,1.38205E+13
517,29424660000,2.942466,517,216.9067,180,1988494.205,0.001323,"(2, 517.0)",0.1,163956.9851,518,1211685.18,2,260,516,135,4,1.38966E+13
518,9148610000,0.914861,518,95.4231,125,2007630.679,0.001258,"(2, 518.0)",0.1,75834.7393,519,1047728.195,2,517,232,136,4,1.39565E+13
519,14095690000,1.409569,519,187.6793,69,2020742.843,0.001271,"(2, 519.0)",0.1,147666.4712,520,971893.4558,2,518,337,138,4,1.41556E+13
520,1.02014E+11,10.201431,520,319.7392,78,1337844.779,0.000784,"(1, 520.0)",0.4,408005.2861,521,824226.9846,1,327,519,139,4,1.42939E+13
521,25557580000,2.555758,521,80.0877,73,2068828.049,0.000342,"(2, 521.0)",0.1,234048.0539,524,416221.6985,2,520,299,140,4,1.44376E+13
524,24296420000,2.429642,524,9.3346,60,2016499.492,5.10E-05,"(1, 524.0)",0.4,182173.6446,-1,182173.6446,1,510,521,142,4,1.45799E+13